Year,ProfitLoss,GrossResult,GrossProfitLoss,Revenue,Assets,AverageNumberOfEmployees,CurrentAssets,Equity,Inventories,AddressOfReportingEntityPostCodeIdentifier
12,39000.0,0.0,158000.0,0.0,1111000.0,0.0,952000.0,650000.0,68000.0,0.0
13,-80000.0,0.0,106000.0,0.0,995000.0,0.0,877000.0,569000.0,56000.0,0.0
14,-0.096,0.191,0.0,0.0,0.924,0.0,0.8690000000000001,0.474,0.042,6823  Ansager
15,-0.165,0.095,0.0,0.0,0.66,0.0,0.647,0.309,0.043,6823  Ansager
16,-0.027999999999999997,0.166,0.0,0.0,0.654,0.0,0.649,0.281,0.031,6823 Ansager
17,-73000.0,0.0,99000.0,0.0,670000.0,0.0,0.0,208000.0,20000.0,6823 Ansager
18,58000.0,0.0,179000.0,0.0,725000.0,1.0,0.0,266000.0,25000.0,6823 Ansager
19,-4000.0,0.0,27000.0,0.0,584000.0,1.0,0.0,263000.0,20000.0,6823 Ansager
