Year,ProfitLoss,GrossResult,GrossProfitLoss,Revenue,Assets,AverageNumberOfEmployees,CurrentAssets,Equity,Inventories,AddressOfReportingEntityPostCodeIdentifier
13,321000.0,0.0,1678000.0,0.0,6090000.0,0.0,4754000.0,5491000.0,27000.0,0.0
14,0.28,1.6480000000000001,0.0,0.0,6.263999999999999,0.0,4.992,5.675,0.011000000000000001,6870  Ølgod
15,0.273,1.682,0.0,0.0,6.432,0.0,5.207999999999999,5.85,0.027000000000000003,6870  Ølgod
16,10000.0,1410000.0,0.0,0.0,6707000.0,0.0,5658000.0,5862000.0,28000.0,6870 Ølgod
17,97000.0,0.0,1680000.0,0.0,6988000.0,0.0,0.0,5859000.0,25000.0,6870 Ølgod
18,4000.0,0.0,1125000.0,0.0,6709000.0,3.0,0.0,5762000.0,29000.0,6870 Ølgod
19,2000.0,0.0,1100000.0,0.0,6410000.0,3.0,0.0,5661000.0,20000.0,6870 Ølgod
