Year,ProfitLoss,GrossResult,GrossProfitLoss,Revenue,Assets,AverageNumberOfEmployees,CurrentAssets,Equity,Inventories,AddressOfReportingEntityPostCodeIdentifier
13,-18752.4664930555,0.0,-11166.21,0.0,5819262.00217593,0.0,5414130.22,5764990.53350694,0.0,0.0
14,96600.0,0.0,-24403.0,0.0,5664861.0,0.0,5141009.0,5617422.0,0.0,8981.0
15,98400.0,0.0,34618.0,0.0,5537827.0,0.0,5017905.0,5502735.0,0.0,8981.0
16,99800.0,0.0,93567.0,0.0,5397209.0,0.0,4986142.91,5360722.0,0.0,8981.0
17,101200.0,0.0,87602.0,0.0,5245861.0,0.0,4827175.91,5200275.0,0.0,8981.0
18,-9682.0,0.0,92517.0,0.0,5108421.0,1.0,4725131.0,5089391.0,0.0,8981.0
19,-20130.0,0.0,183565.0,0.0,5012466.0,1.0,4520890.0,4965862.0,0.0,8981.0
