Year,ProfitLoss,GrossResult,GrossProfitLoss,Revenue,Assets,AverageNumberOfEmployees,CurrentAssets,Equity,Inventories,AddressOfReportingEntityPostCodeIdentifier
12,-272000.0,0.0,0.0,-264000.0,37000.0,0.0,0.0,-452000.0,0.0,0.0
13,255000.0,0.0,10000.0,0.0,25000.0,0.0,0.0,706000.0,0.0,0.0
14,0.369,0.0,0.0,0.0,0.174,0.0,0.026000000000000002,-0.33799999999999997,0.0,6823  Ansager
15,0.599,0.0,0.0,0.0,0.7829999999999999,0.0,0.027999999999999997,0.261,0.0,6823  Ansager
16,123000.0,0.0,0.0,0.0,917000.0,0.0,0.0,384000.0,0.0,6823 Ansager
17,483000.0,0.0,0.0,0.0,1410000.0,0.0,0.0,767000.0,0.0,6823 Ansager
18,449000.0,0.0,0.0,0.0,1532000.0,0.0,0.0,1215000.0,0.0,6823 Ansager
