Year,ProfitLoss,GrossResult,GrossProfitLoss,Revenue,Assets,AverageNumberOfEmployees,CurrentAssets,Equity,Inventories,AddressOfReportingEntityPostCodeIdentifier
12,221472.76708414103,0.0,1140418.81,0.0,625310.955534141,0.0,625310.955534141,346472.767084141,0.0,0.0
13,183123.0,0.0,1174326.0,0.0,633279.0,0.0,328240.0,308123.0,0.0,2920.0
13,221472.76708414103,0.0,1140418.81,0.0,625310.955534141,0.0,625310.955534141,346472.767084141,0.0,0.0
14,236148.0,0.0,1138749.0,0.0,655800.0,0.0,400904.0,361148.0,0.0,2920.0
15,114913.0,0.0,1010765.0,0.0,470060.0,0.0,265307.0,239913.0,0.0,2920.0
16,205160.0,0.0,1096742.0,0.0,599543.0,0.0,444933.0,330160.0,0.0,2920.0
17,125079.0,0.0,1007499.0,0.0,501108.0,0.0,396641.0,250079.0,0.0,2920.0
18,114350.0,0.0,1104102.0,0.0,495988.0,0.0,441664.0,239350.0,0.0,2920.0
19,165769.0,0.0,1108087.0,0.0,568057.0,0.0,568057.0,290769.0,0.0,2920.0
