Year,ProfitLoss,GrossResult,GrossProfitLoss,Revenue,Assets,AverageNumberOfEmployees,CurrentAssets,Equity,Inventories,AddressOfReportingEntityPostCodeIdentifier
13,80000.0,0.0,0.0,51000.0,1402000.0,0.0,1088000.0,1390000.0,0.0,0.0
14,73764.0,0.0,0.0,0.0,1380487.0,0.0,1015716.0,1367637.0,0.0,6710  Esbjerg V
15,0.046,0.0,0.0,0.0,1.3219999999999998,0.0,1.14,1.31,0.0,6710  Esbjerg V
16,0.024,0.0,0.0,0.0,1.2429999999999999,0.0,1.056,1.237,0.0,6710  Esbjerg V
17,113000.0,0.0,0.0,0.0,1256000.0,0.0,0.0,1250000.0,0.0,6710 Esbjerg V
18,21000.0,0.0,0.0,0.0,1175000.0,1.0,0.0,1169000.0,0.0,6710 Esbjerg V
19,25000.0,0.0,0.0,0.0,1100000.0,1.0,0.0,1091000.0,0.0,6710 Esbjerg V
