Year,ProfitLoss,GrossResult,GrossProfitLoss,Revenue,Assets,AverageNumberOfEmployees,CurrentAssets,Equity,Inventories,AddressOfReportingEntityPostCodeIdentifier
13,-474479.0,0.0,-35335.0,0.0,29559362.0,0.0,23009362.0,500000.0,0.0,0.0
14,1.507,-0.051,0.0,0.0,31.151999999999997,0.0,24.601999999999997,14.579,0.0,2942  Skodsborg
15,1844235.0,-59766.0,0.0,0.0,32968270.0,0.0,26418270.0,16423302.0,0.0,2942  Skodsborg
17,1503402.0,0.0,-62499.0,0.0,36134800.0,0.0,29584800.0,500000.0,0.0,2942.0
18,1059030.0,0.0,-63277.0,0.0,37193831.0,0.0,30643831.0,500000.0,0.0,2942.0
