Year,ProfitLoss,GrossResult,GrossProfitLoss,Revenue,Assets,AverageNumberOfEmployees,CurrentAssets,Equity,Inventories,AddressOfReportingEntityPostCodeIdentifier
12,-115000.0,0.0,57000.0,0.0,1970000.0,0.0,1084000.0,1946000.0,0.0,0.0
13,-241000.0,0.0,56000.0,0.0,1701000.0,0.0,687000.0,1615000.0,0.0,0.0
14,-0.16699999999999998,0.0,0.0,0.0,1.4269999999999998,0.0,0.601,1.359,0.0,6950  Ringkøbing
15,-0.466,0.0,0.0,0.0,0.838,0.0,0.048,0.802,0.0,6950  Ringkøbing
16,127000.0,0.0,0.0,0.0,869000.0,0.0,864000.0,839000.0,0.0,6950 Ringkøbing
17,2000.0,0.0,0.0,0.0,870000.0,0.0,0.0,841000.0,0.0,6950 Ringkøbing
18,31000.0,0.0,0.0,0.0,784000.0,0.0,0.0,771000.0,0.0,6950 Ringkøbing
19,0.0,0.0,0.0,0.0,682000.0,0.0,0.0,668000.0,0.0,6950 Ringkøbing
