Year,ProfitLoss,GrossResult,GrossProfitLoss,Revenue,Assets,AverageNumberOfEmployees,CurrentAssets,Equity,Inventories,AddressOfReportingEntityPostCodeIdentifier
13,-228000.0,0.0,0.0,-157000.0,468000.0,0.0,197000.0,-106000.0,0.0,0.0
14,-0.096,0.0,0.0,0.0,0.413,0.0,0.222,-0.203,0.0,6870  Ølgod
15,-0.003,0.0,0.0,0.0,0.47100000000000003,0.0,0.253,-0.20600000000000002,0.0,6870  Ølgod
16,0.215,0.0,0.0,0.0,0.7040000000000001,0.0,0.235,0.009000000000000001,0.0,6870 Ølgod
17,-16000.0,0.0,0.0,0.0,486000.0,0.0,0.0,-7000.0,0.0,6870 Ølgod
18,16000.0,0.0,0.0,0.0,528000.0,0.0,0.0,9000.0,0.0,6870 Ølgod
19,157000.0,0.0,0.0,0.0,722000.0,0.0,0.0,166000.0,0.0,6870 Ølgod
