Year,ProfitLoss,GrossResult,GrossProfitLoss,Revenue,Assets,AverageNumberOfEmployees,CurrentAssets,Equity,Inventories,AddressOfReportingEntityPostCodeIdentifier
12,1586026.467125,0.0,0.0,0.0,2125249.62,0.0,514961.62,-1487554.292875,0.0,0.0
13,0.0,0.0,0.0,0.0,1745992.0,0.0,763517.0,-402516.0,0.0,2730 Herlev
14,48300.0,0.0,0.0,0.0,1026382.0,0.0,10969.0,551099.0,0.0,2730.0
15,49200.0,0.0,0.0,0.0,1771055.0,0.0,33225.0,1292905.0,0.0,2730.0
16,49900.0,0.0,0.0,0.0,2150629.0,0.0,193401.0,1649139.0,0.0,2730.0
17,50600.0,0.0,-290500.0,0.0,3117152.0,0.0,600604.0,2014980.0,0.0,2730.0
18,625000.0,0.0,-13059.0,0.0,2781107.0,0.0,797993.0,1892361.0,0.0,2730.0
