Year,ProfitLoss,GrossResult,GrossProfitLoss,Revenue,Assets,AverageNumberOfEmployees,CurrentAssets,Equity,Inventories,AddressOfReportingEntityPostCodeIdentifier
14,0.629,12.741,0.0,0.0,60.238,14.0,40.318000000000005,6.141,19.393,9990  Skagen
15,2.8989999999999996,17.5,0.0,0.0,57.576,16.0,38.983000000000004,9.04,14.911,9990  Skagen
16,0.41100000000000003,12.120999999999999,0.0,0.0,69.10300000000001,16.0,48.018,9.451,21.715,9990 Skagen
17,1618030.0,12121000.0,14244546.0,0.0,93303347.0,0.0,0.0,11068643.0,46726972.0,9990 Skagen
18,2083028.0,14245000.0,13889841.0,0.0,86554401.0,14.0,0.0,13151671.0,45815025.0,9990 Skagen
19,3486504.0,13890000.0,16075712.0,0.0,82276380.0,15.0,0.0,16638174.0,46477576.0,9990 Skagen
