Year,ProfitLoss,GrossResult,GrossProfitLoss,Revenue,Assets,AverageNumberOfEmployees,CurrentAssets,Equity,Inventories,AddressOfReportingEntityPostCodeIdentifier
13,-1319746.0,0.0,6181127.0,0.0,77710244.0,0.0,6132623.0,48095782.0,1299709.0,0.0
14,0.0,8129911.0,0.0,42108258.0,79372908.0,0.0,5907093.0,48095782.0,1439965.0,5600  Faaborg
15,0.0,8.099,0.0,46.905,84.37700000000001,0.0,11.558,48.096000000000004,1.27,5600  Faaborg
17,0.0,0.0,8471497.0,32886506.0,90211433.0,0.0,0.0,48095781.0,1118089.0,5750 Ringe
18,0.0,0.0,8732606.0,34384086.0,93353974.0,0.0,0.0,48095781.0,1092136.0,5750 Ringe
19,0.0,0.0,5993528.0,32928246.0,90374310.0,0.0,0.0,48095781.0,1092136.0,5750 Ringe
