Year,ProfitLoss,GrossResult,GrossProfitLoss,Revenue,Assets,AverageNumberOfEmployees,CurrentAssets,Equity,Inventories,AddressOfReportingEntityPostCodeIdentifier
12,0.0,0.0,2458865.93616559,0.0,16806658.0,0.0,1000564.0,3837218.38616559,0.0,0.0
13,1330571.52369185,0.0,2588042.01369185,0.0,16677370.0,0.0,864289.0,5167789.52369185,0.0,0.0
14,0.0,0.0,1872264.0,0.0,17876919.0,0.0,1559684.0,5423044.0,0.0,5884.0
15,0.0,0.0,1403119.0,0.0,20019346.0,0.0,2880516.0,6180485.0,0.0,5884.0
16,0.0,0.0,1072887.0,0.0,20602678.0,0.0,764599.0,6711829.0,0.0,5884.0
17,0.0,0.0,1470029.0,0.0,20754162.0,0.0,844777.0,6853011.0,0.0,5884.0
18,0.0,0.0,1521616.0,0.0,20659672.0,1.0,793265.0,7188085.0,0.0,5884.0
19,0.0,0.0,1437730.0,0.0,21030772.0,1.0,1161164.0,7649120.0,0.0,5884.0
