Year,ProfitLoss,GrossResult,GrossProfitLoss,Revenue,Assets,AverageNumberOfEmployees,CurrentAssets,Equity,Inventories,AddressOfReportingEntityPostCodeIdentifier
13,1082000.0,0.0,-12000.0,0.0,6903000.0,0.0,1450000.0,4415000.0,0.0,0.0
14,0.053,0.0,0.0,0.0,5.566,0.0,1.4709999999999999,3.6180000000000003,0.0,6870  Ølgod
15,0.028999999999999998,0.0,0.0,0.0,5.916,0.0,1.714,3.648,0.0,6870  Ølgod
16,0.902,0.0,0.0,0.0,6.575,0.0,1.848,4.206,0.0,6870 Ølgod
18,1483000.0,0.0,0.0,0.0,8166000.0,0.0,0.0,5912000.0,0.0,6870 Ølgod
19,864000.0,0.0,0.0,0.0,12257000.0,0.0,0.0,6502000.0,0.0,6870 Ølgod
