Year,ProfitLoss,GrossResult,GrossProfitLoss,Revenue,Assets,AverageNumberOfEmployees,CurrentAssets,Equity,Inventories,AddressOfReportingEntityPostCodeIdentifier
13,171112.0,0.0,0.0,0.0,337371.0,0.0,49169.0,309123.0,0.0,0.0
14,0.004,0.0,0.0,0.0,0.33899999999999997,0.0,0.039,0.313,0.0,3630  Jægerspris
15,0.039,0.0,0.0,0.0,0.384,0.0,0.039,0.35200000000000004,0.0,3630  Jægerspris
16,0.177,0.0,0.0,0.0,0.564,0.0,0.10800000000000001,0.53,0.0,3630 Jægerspris
17,34639.0,0.0,0.0,0.0,597110.0,0.0,0.0,564192.0,0.0,3630 Jægerspris
18,425234.0,0.0,0.0,0.0,940843.0,1.0,0.0,888226.0,0.0,3630 Jægerspris
19,359030.0,0.0,0.0,0.0,1243668.0,1.0,0.0,1146056.0,0.0,3630 Jægerspris
