Year,ProfitLoss,GrossResult,GrossProfitLoss,Revenue,Assets,AverageNumberOfEmployees,CurrentAssets,Equity,Inventories,AddressOfReportingEntityPostCodeIdentifier
13,680000.0,0.0,18000.0,0.0,4622000.0,0.0,1727000.0,4598000.0,0.0,0.0
14,0.616,0.078,0.0,0.0,5.142,0.0,2.263,5.118,0.0,6800  Varde
16,0.792,0.077,0.0,0.0,6.367000000000001,0.0,4.048,6.3389999999999995,0.0,6800 Varde
17,592067.0,0.0,75350.0,0.0,6876505.0,0.0,0.0,6831306.0,0.0,6800 Varde
19,491068.0,0.0,135176.0,0.0,7335530.0,1.0,0.0,7286602.0,0.0,6800 Varde
