Year,ProfitLoss,GrossResult,GrossProfitLoss,Revenue,Assets,AverageNumberOfEmployees,CurrentAssets,Equity,Inventories,AddressOfReportingEntityPostCodeIdentifier
13,708000.0,0.0,111000.0,0.0,2852000.0,0.0,779000.0,2319000.0,0.0,0.0
14,0.556,0.052000000000000005,0.0,0.0,2.648,0.0,0.604,2.176,0.0,6800  Varde
15,0.617,0.098,0.0,0.0,2.7089999999999996,0.0,0.6940000000000001,2.293,0.0,6800  Varde
16,703611.0,61972.0,0.0,0.0,2854617.0,0.0,1369885.0,2496655.0,0.0,6800 Varde
17,464104.0,0.0,-44004.0,0.0,2760584.0,0.0,0.0,2460759.0,0.0,6800 Varde
19,448435.0,0.0,88652.0,0.0,2102256.0,1.0,0.0,1903422.0,0.0,6800 Varde
