Year,ProfitLoss,GrossResult,GrossProfitLoss,Revenue,Assets,AverageNumberOfEmployees,CurrentAssets,Equity,Inventories,AddressOfReportingEntityPostCodeIdentifier
12,-312507.921785714,0.0,54146.0099999999,0.0,369181.568214286,0.0,204407.918214286,-846075.131785715,0.0,0.0
13,-205459.0,0.0,-6618.0,0.0,167008.0,0.0,167008.0,-1051533.0,0.0,8920.0
14,-14802.0,0.0,-8890.0,0.0,201703.0,0.0,201703.0,183665.0,0.0,8920.0
15,-1685.0,0.0,-7300.0,0.0,181981.0,0.0,181981.0,181981.0,0.0,8920.0
16,18386.0,0.0,-5550.0,0.0,200366.0,0.0,200366.0,200366.0,0.0,8920.0
17,-1424.0,0.0,-6600.0,0.0,198942.0,0.0,198942.0,198942.0,0.0,8920.0
18,-889697.0,0.0,-5600.0,0.0,509245.0,0.0,509245.0,509245.0,0.0,8920.0
