Year,ProfitLoss,GrossResult,GrossProfitLoss,Revenue,Assets,AverageNumberOfEmployees,CurrentAssets,Equity,Inventories,AddressOfReportingEntityPostCodeIdentifier
13,-31000.0,0.0,-23000.0,0.0,358000.0,0.0,358000.0,-159000.0,0.0,0.0
14,-0.045,0.0,0.0,0.0,1.4080000000000001,0.0,1.4080000000000001,-0.204,0.0,6670  Holsted
15,-0.068,0.0,0.0,0.0,2.7739999999999996,0.0,2.7739999999999996,-0.272,0.0,6670  Holsted
16,-0.081,0.0,0.0,0.0,2.616,0.0,2.616,-0.353,0.0,6670 Holsted
17,-85000.0,0.0,0.0,0.0,2926000.0,0.0,0.0,-438000.0,0.0,6670 Holsted
18,-74515.0,0.0,0.0,0.0,2924409.0,0.0,0.0,-512930.0,0.0,6670 Holsted
