Year,ProfitLoss,GrossResult,GrossProfitLoss,Revenue,Assets,AverageNumberOfEmployees,CurrentAssets,Equity,Inventories,AddressOfReportingEntityPostCodeIdentifier
13,87000.0,0.0,0.0,90000.0,710000.0,0.0,41000.0,706000.0,0.0,0.0
14,0.17600000000000002,0.0,0.0,0.0,0.871,0.0,0.11,0.7959999999999999,0.0,6800  Varde
15,0.06,0.0,0.0,0.0,0.762,0.0,0.047,0.747,0.0,6800  Varde
17,-386148.0,0.0,-5610.0,0.0,1855174.0,0.0,895277.0,362891.0,0.0,6800.0
18,-619940.0,0.0,-4750.0,0.0,1259186.0,0.0,629655.0,-257049.0,0.0,6800.0
19,-753179.0,0.0,-2751.0,0.0,939254.0,0.0,785723.0,-1010228.0,0.0,6800.0
