Year,ProfitLoss,GrossResult,GrossProfitLoss,Revenue,Assets,AverageNumberOfEmployees,CurrentAssets,Equity,Inventories,AddressOfReportingEntityPostCodeIdentifier
13,-455000.0,0.0,288000.0,0.0,3254000.0,0.0,19000.0,-346000.0,0.0,0.0
14,-0.3,0.252,0.0,0.0,3.12,0.0,0.10800000000000001,-0.413,0.0,6710  Esbjerg V
15,-0.29,0.231,0.0,0.0,3.088,0.0,0.145,-0.369,0.0,6710  Esbjerg V
16,0.941,0.22699999999999998,0.0,0.0,3.245,0.0,0.127,0.005,0.0,6710 Esbjerg V
17,221000.0,0.0,213000.0,0.0,4301000.0,0.0,0.0,1028000.0,0.0,6710 Esbjerg V
18,364000.0,0.0,211000.0,0.0,4609000.0,0.0,0.0,1391000.0,0.0,6710 Esbjerg V
19,253152.0,0.0,165988.0,0.0,4828406.0,0.0,179812.0,1622476.0,0.0,0.0
