Year,ProfitLoss,GrossResult,GrossProfitLoss,Revenue,Assets,AverageNumberOfEmployees,CurrentAssets,Equity,Inventories,AddressOfReportingEntityPostCodeIdentifier
12,50000.0,487000.0,0.0,0.0,447000.0,0.0,355000.0,152000.0,68000.0,0.0
13,73000.0,576000.0,0.0,0.0,628000.0,0.0,566000.0,225000.0,68000.0,0.0
14,0.14,0.687,0.0,0.0,0.669,0.0,0.635,0.315,0.055999999999999994,5560  Aarup
15,0.13699999999999998,0.66,0.0,0.0,0.642,0.0,0.629,0.35200000000000004,0.067,5560  Aarup
16,42000.0,1074000.0,0.0,0.0,1415000.0,0.0,1219000.0,624000.0,70000.0,5560 Aarup
17,279000.0,0.0,1119000.0,0.0,1108000.0,0.0,0.0,553000.0,85000.0,5560 Aarup
18,668000.0,0.0,1988000.0,0.0,2279000.0,2.0,0.0,952000.0,86000.0,5560 Aarup
