Year,ProfitLoss,GrossResult,GrossProfitLoss,Revenue,Assets,AverageNumberOfEmployees,CurrentAssets,Equity,Inventories,AddressOfReportingEntityPostCodeIdentifier
13,275000.0,0.0,0.0,280000.0,716000.0,0.0,17000.0,686000.0,0.0,0.0
14,0.078,0.0,0.0,0.0,0.805,0.0,0.021,0.764,0.0,6870  Ølgod
15,0.147,0.0,0.0,0.0,0.915,0.0,0.079,0.9109999999999999,0.0,6870  Ølgod
16,0.439,0.0,0.0,0.0,1.3780000000000001,0.0,0.35,1.3019999999999998,0.0,6870 Ølgod
17,562000.0,0.0,0.0,0.0,2167000.0,0.0,0.0,1814000.0,0.0,6870 Ølgod
19,-48000.0,0.0,-5000.0,0.0,2395000.0,1.0,0.0,2261000.0,0.0,6870 Ølgod
