Year,ProfitLoss,GrossResult,GrossProfitLoss,Revenue,Assets,AverageNumberOfEmployees,CurrentAssets,Equity,Inventories,AddressOfReportingEntityPostCodeIdentifier
13,290000.0,0.0,2538000.0,0.0,2225000.0,0.0,2113000.0,225000.0,0.0,0.0
14,0.115,4.0680000000000005,0.0,0.0,3.4819999999999998,0.0,3.259,0.34,0.0,6000  Kolding
15,-16992.0,0.0,6124095.0,0.0,3680539.0,0.0,3335166.0,322563.0,0.0,6000.0
16,352191.0,0.0,8444156.0,0.0,5110980.0,0.0,4787948.0,674754.0,0.0,6000.0
