Year,ProfitLoss,GrossResult,GrossProfitLoss,Revenue,Assets,AverageNumberOfEmployees,CurrentAssets,Equity,Inventories,AddressOfReportingEntityPostCodeIdentifier
13,-20000.0,0.0,-4000.0,0.0,1262000.0,0.0,197000.0,1251000.0,0.0,0.0
14,-0.046,0.0,0.0,0.0,1.176,0.0,0.249,1.11,0.0,6862  Tistrup
16,-0.02,0.0,0.0,0.0,1.216,0.0,0.39899999999999997,0.8909999999999999,0.0,6823 Ansager
17,32000.0,0.0,0.0,0.0,1018000.0,0.0,0.0,823000.0,0.0,6823 Ansager
18,156000.0,0.0,0.0,0.0,998000.0,0.0,0.0,878000.0,0.0,6823 Ansager
19,138000.0,0.0,0.0,0.0,926000.0,0.0,0.0,912000.0,0.0,6823 Ansager
