Year,ProfitLoss,GrossResult,GrossProfitLoss,Revenue,Assets,AverageNumberOfEmployees,CurrentAssets,Equity,Inventories,AddressOfReportingEntityPostCodeIdentifier
13,3708787.010011,0.0,43771064.000011,0.0,647541261.010001,0.0,61692988.010001004,557672071.010012,7256636.0,0.0
14,1604215.0,0.0,43339922.0,0.0,627614506.0,0.0,34854806.0,559276286.0,6482294.0,3700.0
16,744521.0,0.0,45918670.0,0.0,723964715.0,0.0,131880218.0,563063122.0,7584055.0,3700.0
17,-656945.0,41070789.0,0.0,66227936.0,728180534.0,42.0,141746301.0,561144677.0,6754857.0,3700.0
