Year,ProfitLoss,GrossResult,GrossProfitLoss,Revenue,Assets,AverageNumberOfEmployees,CurrentAssets,Equity,Inventories,AddressOfReportingEntityPostCodeIdentifier
13,207671.2,0.0,-7893.400000000041,0.0,6003145.1415,0.0,70349.0890000004,1995332.3825,0.0,0.0
15,98400.0,0.0,302849.0,0.0,4233478.0,0.0,78829.0,2198080.0,0.0,1870.0
16,99800.0,0.0,184500.0,0.0,4336782.0,0.0,240620.0,2473932.0,0.0,1870.0
17,101200.0,0.0,214047.0,0.0,4745644.0,0.0,883479.0,2408953.0,0.0,1870.0
18,-323018.0,0.0,323390.0,0.0,7355033.0,0.0,595172.0,2221219.0,0.0,1870.0
19,81172.0,0.0,416289.0,0.0,9101465.0,0.0,1798711.0,2879459.0,0.0,1870.0
