Year,ProfitLoss,GrossResult,GrossProfitLoss,Revenue,Assets,AverageNumberOfEmployees,CurrentAssets,Equity,Inventories,AddressOfReportingEntityPostCodeIdentifier
13,-161000.0,0.0,527000.0,0.0,441000.0,0.0,441000.0,-12000.0,0.0,0.0
14,0.037000000000000005,0.8390000000000001,0.0,0.0,0.608,0.0,0.596,0.025,0.0,5450  Otterup
15,-0.128,0.653,0.0,0.0,0.43,0.0,0.42100000000000004,-0.10400000000000001,0.0,5450  Otterup
16,54924.0,333531.0,0.0,0.0,418412.0,0.0,382867.0,-48653.0,0.0,5450.0
