Year,ProfitLoss,GrossResult,GrossProfitLoss,Revenue,Assets,AverageNumberOfEmployees,CurrentAssets,Equity,Inventories,AddressOfReportingEntityPostCodeIdentifier
12,-140858.369878124,0.0,2023875.345,0.0,2304449.00995938,0.0,1012782.34329271,259141.63012187602,0.0,0.0
13,0.0,0.0,1822781.0,0.0,2194742.0,0.0,1057936.0,141926.0,0.0,8990.0
14,0.0,0.0,1982181.0,0.0,2183442.0,0.0,1313303.0,203486.0,0.0,8990.0
15,0.0,0.0,1335761.0,0.0,1628422.0,0.0,1024950.0,-876071.0,0.0,8990.0
16,-775117.0,0.0,1796123.0,0.0,1204542.0,0.0,867736.0,-1651188.0,0.0,8990.0
17,-176416.0,0.0,1196946.0,0.0,325061.0,2.0,286172.0,-1827603.0,0.0,8990.0
18,261162.0,0.0,619702.0,0.0,406636.0,2.0,394831.0,-1566441.0,0.0,8990.0
