Year,ProfitLoss,GrossResult,GrossProfitLoss,Revenue,Assets,AverageNumberOfEmployees,CurrentAssets,Equity,Inventories,AddressOfReportingEntityPostCodeIdentifier
12,546318.0,0.0,-19391.0,0.0,1938922.0,0.0,620613.0,1934922.0,0.0,0.0
13,130000.0,0.0,-4150.0,0.0,0.0,0.0,833884.0,2396149.0,0.0,6000.0
14,0.825,0.0,0.0,0.0,2.9210000000000003,0.0,0.8740000000000001,2.9160000000000004,0.0,6000  Kolding
15,2.064,0.0,0.0,0.0,5.003,0.0,5.003,4.98,0.0,6000  Kolding
16,245000.0,0.0,0.0,0.0,5299000.0,0.0,5299000.0,5226000.0,0.0,6000 Kolding
17,-7000.0,0.0,0.0,0.0,5125000.0,0.0,0.0,5119000.0,0.0,6000 Kolding
18,366000.0,0.0,0.0,0.0,5474000.0,1.0,0.0,5384000.0,0.0,6000 Kolding
19,155000.0,0.0,0.0,0.0,5545000.0,1.0,0.0,5435000.0,0.0,6000 Kolding
