Year,ProfitLoss,GrossResult,GrossProfitLoss,Revenue,Assets,AverageNumberOfEmployees,CurrentAssets,Equity,Inventories,AddressOfReportingEntityPostCodeIdentifier
13,0.0,0.0,0.0,0.0,0.0,0.0,0.0,0.0,0.0,0.0
14,0.11199999999999999,0.162,0.0,0.0,0.624,0.0,0.368,0.529,0.0,1620  København V
15,0.03,-0.05,0.0,0.0,0.539,0.0,0.039,0.51,0.0,1620  København V
16,0.308,0.057,0.0,0.0,0.8320000000000001,0.0,0.25,0.769,0.0,1620 København V
17,-4000.0,0.0,-2000.0,0.0,783000.0,0.0,0.0,715000.0,0.0,1620 København V
18,257000.0,0.0,0.0,0.0,1018000.0,0.0,0.0,923000.0,0.0,1620 København V
19,346000.0,0.0,0.0,0.0,1223000.0,0.0,0.0,1217000.0,0.0,1620 København V
