Year,ProfitLoss,GrossResult,GrossProfitLoss,Revenue,Assets,AverageNumberOfEmployees,CurrentAssets,Equity,Inventories,AddressOfReportingEntityPostCodeIdentifier
12,23000.0,0.0,0.0,0.0,413000.0,0.0,73000.0,103000.0,0.0,0.0
13,197000.0,0.0,0.0,0.0,796000.0,0.0,212000.0,301000.0,0.0,0.0
14,0.13699999999999998,0.0,0.0,0.0,0.7490000000000001,0.0,0.19,0.342,0.0,9800  Hjørring
15,0.371,0.0,0.0,0.0,1.3659999999999999,0.0,0.092,0.615,0.0,9800  Hjørring
16,0.39299999999999996,0.0,0.0,0.0,1.6780000000000002,0.0,0.445,0.9109999999999999,0.0,9800 Hjørring
17,188438.0,0.0,0.0,0.0,1863514.0,0.0,0.0,999309.0,0.0,9800 Hjørring
18,547285.0,0.0,0.0,0.0,2292149.0,1.0,0.0,1445395.0,0.0,9800 Hjørring
19,931947.0,0.0,0.0,0.0,2828985.0,1.0,0.0,2273941.0,0.0,9800 Hjørring
