Year,ProfitLoss,GrossResult,GrossProfitLoss,Revenue,Assets,AverageNumberOfEmployees,CurrentAssets,Equity,Inventories,AddressOfReportingEntityPostCodeIdentifier
12,176270.0,172594.0,0.0,0.0,328353.0,0.0,61589.0,80000.0,0.0,0.0
13,79670.0,172594.0,0.0,0.0,326683.0,0.0,59919.0,256270.0,0.0,0.0
14,0.414,0.0,0.0,0.0,0.7979999999999999,0.0,0.20800000000000002,0.574,0.0,2900  Hellerup
15,0.079,0.0,0.0,0.0,0.7609999999999999,0.0,0.185,0.556,0.0,2900  Hellerup
16,458000.0,0.0,0.0,0.0,1139000.0,0.0,93000.0,929000.0,0.0,2900 Hellerup
17,1732093.0,0.0,0.0,0.0,2728262.0,0.0,0.0,2461142.0,0.0,1253 København K
18,-665889.0,0.0,0.0,0.0,2095374.0,1.0,0.0,1795253.0,0.0,1253 København K
