Year,ProfitLoss,GrossResult,GrossProfitLoss,Revenue,Assets,AverageNumberOfEmployees,CurrentAssets,Equity,Inventories,AddressOfReportingEntityPostCodeIdentifier
13,3034077.60764,0.0,0.0,0.0,0.0,0.0,1928198.0,1314397.60764,0.0,0.0
14,3000000.0,0.0,0.0,0.0,4323773.0,0.0,1928198.0,1314398.0,0.0,2100.0
15,0.0,0.0,0.0,0.0,2679469.0,0.0,308991.0,1226274.0,0.0,2100.0
16,0.0,0.0,0.0,0.0,1345951.0,0.0,256408.0,-53969.0,0.0,2100.0
17,0.0,0.0,0.0,0.0,1439661.0,0.0,272335.0,20675.0,0.0,2100.0
