Year,ProfitLoss,GrossResult,GrossProfitLoss,Revenue,Assets,AverageNumberOfEmployees,CurrentAssets,Equity,Inventories,AddressOfReportingEntityPostCodeIdentifier
15,99800.0,-82299.0,299555.0,0.0,226.02700000000002,0.0,226.02700000000002,1.0,0.0,3660.0
16,99800.0,-82299.0,299555.0,0.0,226027.0,0.0,226027.0,1.0,0.0,3660.0
17,4806.0,-28280.0,18897.0,0.0,194502.0,0.0,194502.0,54807.0,0.0,3660.0
18,-5906.0,-8700.0,5000.0,0.0,54815.0,0.0,54815.0,44095.0,0.0,3660.0
19,-3248.0,-2433.0,0.0,0.0,52382.0,1.0,52382.0,40847.0,0.0,3660.0
