Year,ProfitLoss,GrossResult,GrossProfitLoss,Revenue,Assets,AverageNumberOfEmployees,CurrentAssets,Equity,Inventories,AddressOfReportingEntityPostCodeIdentifier
12,-105000.0,0.0,474000.0,0.0,1012000.0,0.0,660000.0,245000.0,24000.0,0.0
13,-22000.0,0.0,-824000.0,0.0,954000.0,0.0,680000.0,-267000.0,21000.0,0.0
14,-0.237,0.547,0.0,0.0,0.778,0.0,0.578,0.23,0.013000000000000001,7800  Skive
15,-0.27899999999999997,0.581,0.0,0.0,0.5670000000000001,0.0,0.43799999999999994,0.21100000000000002,0.01,7800  Skive
16,-143000.0,475000.0,0.0,0.0,762000.0,0.0,567000.0,268000.0,7000.0,7800 Skive
17,-257000.0,0.0,343000.0,0.0,398000.0,0.0,0.0,11000.0,10000.0,7800 Skive
18,534910.0,0.0,1233351.0,0.0,1796677.0,0.0,1665060.0,545485.0,10000.0,7800.0
