Year,ProfitLoss,GrossResult,GrossProfitLoss,Revenue,Assets
12,-74898.50004999992,1262622.5,0.0,0.0,1272870.0
13,-53807.5000499999,1282057.0,0.0,0.0,1193274.0
18,53278.5,3647.0,0.0,0.0,15891.0
14,-586674.0,757505.0,0.0,0.0,610775.5
17,390006.0,-3783.5,0.0,0.0,11320.0
15,-659596.0,381909.5,0.0,0.0,265181.0
16,165875.0,121979.5,0.0,0.0,110793.0
