Year,ProfitLoss,GrossResult,GrossProfitLoss,Revenue,Assets
16,-104260.0,0.0,90584.5,0.0,5321535.0
13,-69721.37349305575,0.0,-11702.095,0.0,5742061.44450926
18,-39877.0,0.0,138041.0,0.0,5060443.5
14,-69056.0,0.0,12607.5,0.0,5601344.0
19,-263374.5,0.0,182405.5,0.0,4872893.0
15,-61700.0,0.0,64092.5,0.0,5467518.0
17,-75170.0,0.0,93209.5,0.0,5177141.0
