Year,ProfitLoss,GrossResult,GrossProfitLoss,Revenue,Assets
16,147725.19999999998,68537.1,0.0,111893.5,1776061.0
17,233375.85,30573.425,0.0,1134888.0,1798310.5
13,506720.0,110009.5,0.0,170974.5,2060968.0
15,87579.56499999999,58406.82,0.0,95638.5,1797543.5
14,178368.075,54908.575,0.0,112129.0,1861857.0
18,221417.0,9883.0,0.0,0.0,1814604.0
