Year,ProfitLoss,GrossResult,GrossProfitLoss,Revenue,Assets
18,-132258.0,5883672.0,0.0,0.0,8055227.5
13,1977197.49995,5110449.5,0.0,0.0,4295281.0
16,446115.0,5553276.0,0.0,0.0,8614007.5
17,153669.0,5764290.0,0.0,0.0,8338025.5
19,523151.0,6034730.0,0.0,0.0,8166979.0
14,1109585.49995,5124349.5,0.0,0.0,4333208.5
15,750490.0,5297947.0,0.0,0.0,6441063.0
