Year,ProfitLoss,GrossResult,GrossProfitLoss,Revenue,Assets
19,-11038.0,155456.0,0.0,0.0,4263902.5
15,-47627.265,85885.965,0.0,1703196.5,3636542.0
14,30117.7,162769.2,0.0,1799941.0,3793214.0
18,27036.0,185050.5,0.0,0.0,4931643.5
17,31547.66,166014.33000000002,0.0,0.0,4765856.0
13,121551.0,175045.0,0.0,1755447.0,3316868.5
16,-46014.579999999994,95126.71,0.0,1899671.0,3753780.5
