Year,ProfitLoss,GrossResult,GrossProfitLoss,Revenue,Assets
16,-155265.0,0.0,3976323.5,0.0,10176104.5
12,447078.39000000106,0.0,5404335.279999999,0.0,5375760.41
13,303747.0,0.0,5248372.5,0.0,6392797.0
18,-236432.0,0.0,7985839.5,0.0,8816909.5
14,116515.0,0.0,4719970.0,0.0,6760448.0
17,-349181.0,0.0,6143044.5,0.0,7300588.0
15,89264.0,0.0,3597124.0,0.0,9231435.5
