Year,ProfitLoss,GrossResult,GrossProfitLoss,Revenue,Assets
18,361460.5,0.0,-7204.0,0.0,5950297.5
16,-28513.789999999997,-9602.395,0.0,0.0,5853117.0
14,174077.5,0.0,-14475.0,0.0,5864250.0
15,6070.73,-12652.635,0.0,0.0,5869258.5
17,-73419.73999999999,-51466.37,0.0,0.0,8694312.0
19,688656.0,0.0,-5750.0,0.0,6250341.5
13,682717.5,0.0,-13350.0,0.0,5788080.5
