Year,ProfitLoss,GrossResult,GrossProfitLoss,Revenue,Assets
15,320073.0,0.0,1053753.5,0.0,534801.5
17,239429.0,0.0,1055800.5,0.0,498548.0
14,351061.0,0.0,1074757.0,0.0,562930.0
16,330239.0,0.0,1052120.5,0.0,550325.5
13,419271.0,0.0,1156537.5,0.0,644539.5
18,280119.0,0.0,1106094.5,0.0,532022.5
13,404595.40598818404,0.0,1157372.55,0.0,629295.0590170706
12,404595.40598818404,0.0,1157372.55,0.0,629295.0590170706
19,396893.0,0.0,1125100.5,0.0,593623.5
