Year,ProfitLoss,GrossResult,GrossProfitLoss,Revenue,Assets
19,5496713.0,0.0,14061319.5,0.0,10664773.5
18,4391480.0,0.0,13098776.5,0.0,9270016.0
16,3954995.5,10712097.5,0.0,0.0,6265963.5
17,5466575.5,0.0,13039603.5,0.0,8699627.5
15,-415451.50450000004,7519664.5,0.0,0.0,3600218.0675000004
14,-488233.47549999994,7696672.5,0.0,0.0,4161698.2525000004
13,2740386.5,8753478.5,0.0,0.0,14234267.0
