Year,ProfitLoss,GrossResult,GrossProfitLoss,Revenue,Assets
14,82934.0,0.0,77890.5,0.0,3799168.0
15,-131205.0,0.0,100000.0,0.0,1872851.5
12,689531.9299999999,0.0,6028407.275,0.0,4803634.936666666
16,-65051.0,0.0,-4122.0,0.0,1958183.0
13,341873.0,3606644.5,0.0,0.0,5741297.0
17,-16007.0,0.0,-28502.5,0.0,1916559.0
18,-33208.0,-23346.0,0.0,0.0,1020174.0
