Year,ProfitLoss,GrossResult,GrossProfitLoss,Revenue,Assets
16,104086.72999999998,743105.225,0.0,3279112.0,27941009.5
17,-103867.32999999996,1825417.835,0.0,0.0,29420605.5
19,812356.0,1571154.5,0.0,0.0,31745093.5
14,249646.52000000002,2596417.52,0.0,975669.5,33960894.0
15,-3525451.9899999998,1133781.5150000001,0.0,2801171.0,29634728.5
18,652076.0,1942367.0,0.0,0.0,29279142.0
