Year,ProfitLoss,GrossResult,GrossProfitLoss,Revenue,Assets
15,2686426.0,-18875.0,0.0,0.0,7415096.5
17,4430867.0,-31570.0,0.0,0.0,9767900.0
12,-421959.99000000005,0.0,0.0,0.0,5438733.515000001
14,1787029.0,-23187.5,0.0,0.0,6450928.0
16,1892629.0,-14425.0,0.0,0.0,7854266.5
13,783629.0,-17937.5,0.0,0.0,5697190.5
18,4837110.0,-42613.0,0.0,0.0,11926322.0
