Year,ProfitLoss,GrossResult,GrossProfitLoss,Revenue,Assets
13,50261.454890097,1732996.0,0.0,0.0,6196992.3571428545
16,370551.0,1793784.5,0.0,0.0,4721299.5
19,43658.0,0.0,1823410.0,0.0,7658996.5
14,219564.0,1487637.5,0.0,0.0,6528685.0
17,198981.0,0.0,1596753.5,0.0,6157091.0
