Year,ProfitLoss,GrossResult,GrossProfitLoss,Revenue,Assets
18,9776784.0,21933000.0,14982776.5,0.0,194406390.5
14,4348078.952,8749666.169000002,0.0,0.0,28788060.068499997
16,2427047.3904999997,7122300.89,0.0,0.0,46651797.356
15,615819.6165,6060393.191500001,0.0,0.0,34551864.561500005
17,6712072.0,21181000.0,14067193.5,0.0,183387374.0
19,5549372.5,20128000.0,12228302.5,0.0,199139465.0
