Year,ProfitLoss,GrossResult,GrossProfitLoss,Revenue,Assets
13,1636387.647258302,0.0,2230153.0086291498,0.0,17277144.72
12,5046599.56985744,0.0,2523453.97492872,0.0,16742013.870000001
16,928283.0,0.0,1271458.0,0.0,20678420.0
19,620082.0,0.0,1232279.5,0.0,20947237.5
14,633467.0,0.0,1637691.5,0.0,18948132.5
17,753796.0,0.0,1495822.5,0.0,20706917.0
15,837212.0,0.0,1238003.0,0.0,20311012.0
18,796109.0,0.0,1479673.0,0.0,20845222.0
