Year,ProfitLoss,GrossResult,GrossProfitLoss,Revenue,Assets
17,1062965.8900000001,4546445.945,0.0,0.0,6556122.0
16,232543.55,3423356.7750000004,0.0,6222394.0,5773598.5
13,0.0,0.0,0.0,0.0,0.0
19,1084315.0,4722631.0,0.0,0.0,7055927.0
15,-230136.26,1402746.87,0.0,2853806.0,5355200.0
14,0.0,0.0,0.0,0.0,0.0
