Year,ProfitLoss,GrossResult,GrossProfitLoss,Revenue,Assets
19,3387636.0,0.0,5631406.0,0.0,5430678.5
13,1382575.0,6034982.5,0.0,0.0,4270215.5
18,2674977.105,5206638.67,0.0,0.0,5721194.5
16,816489.825,3828846.0300000003,0.0,16936790.5,4856880.0
14,2068332.9100000001,4250177.205,0.0,17839226.5,2015579.0
15,1039854.8099999999,3539120.6550000003,0.0,17605820.5,4043564.0
