Year,ProfitLoss,GrossResult,GrossProfitLoss,Revenue,Assets
16,877690.0,0.0,0.0,594546.5,728003.0
19,1329982.0,0.0,0.0,0.0,804114.5
18,1311451.0,0.0,0.0,0.0,898434.5
13,736122.9149999999,0.0,0.0,393605.78500000003,639298.6950000001
14,813926.215,0.0,0.0,449629.76,578980.925
17,1013408.0,0.0,0.0,673497.0,806538.0
