Year,ProfitLoss,GrossResult,GrossProfitLoss,Revenue,Assets
12,4334581.999989999,0.0,3476020.4999949997,0.0,3758723.0
17,-2241976.0,0.0,-468839.0,0.0,4792468.0
16,148674.0,0.0,1239966.5,0.0,5732603.5
14,19910424.0,0.0,14461342.5,0.0,15032546.5
13,12730727.0,0.0,9365341.0,0.0,0.0
15,12279452.0,0.0,9597317.0,0.0,9747450.5
18,-1224699.0,0.0,-175284.5,0.0,3527816.5
