Year,ProfitLoss,GrossResult,GrossProfitLoss,Revenue,Assets
19,26052.0,127095.5,0.0,0.0,476625.5
16,36472.04,182591.27000000002,0.0,921292.5,649932.5
17,11045.759999999998,167139.38,0.0,0.0,596344.5
14,-52847.885,154770.115,0.0,1008820.0,491408.5
15,-554.1550000000025,173855.48,0.0,1105202.5,570712.0
