Year,ProfitLoss,GrossResult,GrossProfitLoss,Revenue,Assets
14,5073934.245,-166831.255,0.0,0.0,55123896.0
18,1987490.0,-89078.0,0.0,0.0,46391553.5
13,717933.5,-198035.5,0.0,0.0,75688240.0
16,6595085.029999999,-133676.48500000002,0.0,0.0,57183779.5
17,3287370.17,-107561.91500000001,0.0,0.0,52125618.5
15,6145220.3549999995,-143728.2,0.0,0.0,56385003.5
19,843840.0,-80835.5,0.0,0.0,44443444.0
