Year,ProfitLoss,GrossResult,GrossProfitLoss,Revenue,Assets
15,789.0799999999999,107100.61499999999,0.0,127943.5,245695.5
13,20448.5,35094.0,0.0,102492.0,336411.0
16,9497.54,116030.26999999999,0.0,129180.0,235508.5
19,-92954.0,-13982.5,0.0,0.0,218264.5
17,5618.89,117751.94499999999,0.0,0.0,245910.0
18,32630.0,93671.0,0.0,0.0,227178.0
