Year,ProfitLoss,GrossResult,GrossProfitLoss,Revenue,Assets
13,147665.99994999997,80484.5,0.0,0.0,916383.5
19,139328.5,94321.5,0.0,0.0,1448157.5
17,52958.5,40911.5,0.0,0.0,1280613.0
14,254133.49995,136700.0,0.0,0.0,1282943.0
16,91351.0,69658.5,0.0,0.0,1364307.0
18,139574.5,73382.5,0.0,0.0,1240618.0
15,157048.0,110714.5,0.0,0.0,1467136.5
