Year,ProfitLoss,GrossResult,GrossProfitLoss,Revenue,Assets
19,-94996.0,0.0,978088.0,0.0,1998439.0
17,43695.0,0.0,816650.0,0.0,2063569.0
13,-11529.419999999998,0.0,0.0,0.0,2031822.1949999998
14,214388.0,0.0,937375.0,0.0,2053168.5
16,-97868.0,0.0,762905.5,0.0,1952859.5
15,167297.0,0.0,934601.5,0.0,2079501.0
