Year,ProfitLoss,GrossResult,GrossProfitLoss,Revenue,Assets
14,3381344.7649999997,5673539.265,0.0,21154287.5,5956944.5
18,5423250.0,6630443.5,0.0,0.0,4176401.5
15,1081132.2950000002,4084111.09,0.0,19137730.0,5533311.5
12,630622.5,3708878.0,0.0,19005791.0,7040924.0
13,1928597.5,4714634.0,0.0,20683431.0,6542302.0
16,18884.1,747272.05,0.0,4863124.0,5186918.0
17,2335795.83,3778486.915,0.0,0.0,4484076.5
