Year,ProfitLoss,GrossResult,GrossProfitLoss,Revenue,Assets
13,-220261.0,0.0,-7754.0,0.0,184355.5
14,-16487.0,0.0,-8095.0,0.0,191842.0
15,16701.0,0.0,-6425.0,0.0,191173.5
18,-871080.0,0.0,-6200.0,0.0,518554.0
17,-891121.0,0.0,-6100.0,0.0,354093.5
12,-517965.431339285,0.0,23764.13999999995,0.0,268094.5493303575
16,16962.0,0.0,-6075.0,0.0,199654.0
