Year,ProfitLoss,GrossResult,GrossProfitLoss,Revenue,Assets
12,-291677.5,809836.0,0.0,4847999.5,1590108.5
18,944718.0,2064014.0,0.0,0.0,2024363.0
14,17763.189999999995,418574.21499999997,0.0,817851.5,1305235.5
16,574647.05,521674.02499999997,0.0,3678642.5,1519518.5
13,-218575.0,440520.5,0.0,987668.5,1406948.0
19,966912.0,2303091.0,0.0,0.0,1691457.5
15,-36308.34,182681.33000000002,0.0,522844.5,1173430.0
17,1013084.4199999999,1586313.71,0.0,0.0,2099786.5
