Year,ProfitLoss,GrossResult,GrossProfitLoss,Revenue,Assets
17,21178.140000000014,54570.57,0.0,0.0,10333722.5
15,-563237.9699999997,-18736.925000000003,0.0,0.0,9233715.0
16,331035.28,-4133.360000000001,0.0,0.0,9868919.5
13,1010313.0,11989.5,0.0,0.0,10127255.0
19,605613.0,-5911.5,0.0,0.0,12119316.0
14,-632413.38,-4539.880000000001,0.0,0.0,9343025.0
