Year,ProfitLoss,GrossResult,GrossProfitLoss,Revenue,Assets
13,151679.5,258757.0,0.0,821098.5,291881.5
17,113730.68000000001,226816.24,0.0,0.0,776739.5
16,325909.89999999997,395964.85,0.0,995484.5,817597.5
12,42825.0,0.0,224244.0,0.0,484411.0
18,92827.0,215275.5,0.0,0.0,733609.5
14,169956.58000000002,257654.16,0.0,726230.0,525709.0
15,358507.42000000004,418368.81,0.0,966826.0,642977.0
