Year,ProfitLoss,GrossResult,GrossProfitLoss,Revenue,Assets
14,314960.15499999997,10921.545,0.0,0.0,383294.5
16,87831.26,-7983.37,0.0,0.0,519922.5
19,189630.0,2812.5,0.0,0.0,1312554.0
13,38325.0,4036.5,0.0,0.0,117764.0
12,0.0,0.0,0.0,0.0,0.0
15,134561.44999999995,4574.224999999999,0.0,0.0,496883.0
17,523817.16,-16392.92,0.0,0.0,800780.0
