Year,ProfitLoss,GrossResult,GrossProfitLoss,Revenue,Assets
18,1118721.0,0.0,-8973.0,0.0,10992712.0
15,370359.92999999993,-7815.08,0.0,0.0,12396454.0
19,1703522.0,0.0,-11008.5,0.0,11845478.5
14,647468.9099999999,-9226.09,0.0,0.0,12036055.5
16,-1102948.85,-10781.425,0.0,0.0,12048893.5
