Year,ProfitLoss,GrossResult,GrossProfitLoss,Revenue,Assets
14,-9542.155,-5658.155000000001,0.0,0.0,128016.0
13,-15526.0,-6591.5,0.0,0.0,129750.0
18,-7827.0,-3614.0,0.0,0.0,131303.0
17,-5298.24,-3297.62,0.0,0.0,133975.5
15,-2045.1449999999998,-3600.15,0.0,0.0,136529.5
19,-6851.0,-4155.5,0.0,0.0,145625.0
