Year,ProfitLoss,GrossResult,GrossProfitLoss,Revenue,Assets
18,59605.0,1232345.0,0.0,0.0,1642946.0
15,202640.41999999998,972767.3300000001,0.0,3147187.5,874847.0
13,128682.5,577692.0,0.0,2243466.0,646879.5
17,35332.04,1209466.02,0.0,38925696.0,1423409.0
19,210356.0,1421810.0,0.0,0.0,2097531.5
16,324749.23000000004,1159090.615,0.0,3330268.5,1103024.0
14,-141686.26,690286.24,0.0,2834699.0,661535.5
