Year,ProfitLoss,GrossResult,GrossProfitLoss,Revenue,Assets
12,229863.5,-176.0,0.0,0.0,6027408.0
13,-1983439.0,-351.0,0.0,0.0,10809304.5
15,365109.03,-4745.985,0.0,0.0,7457087.5
14,-2155282.74,-2059.37,0.0,0.0,8528983.0
16,9696.959999999992,62353.23,0.0,0.0,5809232.5
18,233481.0,-3220.5,0.0,0.0,3933490.5
17,-91758.71000000002,-4842.355,0.0,0.0,4064443.5
