Year,ProfitLoss,GrossResult,GrossProfitLoss,Revenue,Assets
14,1830907.0,4417050.5,0.0,0.0,2651008.5
13,915996.432657632,3974971.135,0.0,0.0,1942818.596328815
17,3057813.0,0.0,4370534.0,0.0,2692078.5
18,3190786.5,0.0,4448924.5,0.0,4562784.0
16,2152650.0,0.0,4453353.0,0.0,2433345.0
