Year,ProfitLoss,GrossResult,GrossProfitLoss,Revenue,Assets
18,-8289.0,0.0,1849342.0,0.0,1989177.0
14,77912.0,0.0,1616672.0,0.0,1644652.0
13,-80797.40999999955,0.0,1284391.2349999999,0.0,1638746.705
15,-18508.5,0.0,1452424.0,0.0,1884934.0
16,-33000.0,0.0,1651997.0,0.0,2403401.0
17,107476.0,0.0,1862096.5,0.0,2291971.5
