Year,ProfitLoss,GrossResult,GrossProfitLoss,Revenue,Assets
15,658924.6469999999,0.0,0.0,0.0,689245.9575
19,-176287.5,0.0,3361.0,0.0,2325668.0
16,843571.939,0.0,0.0,0.0,1083932.689
17,1456910.5,0.0,0.0,0.0,2431330.0
14,196902.07799999998,0.0,0.0,0.0,457471.9025
13,352609.0,0.0,0.0,182633.0,760407.5
