Year,ProfitLoss,GrossResult,GrossProfitLoss,Revenue,Assets
13,1649308.0,0.0,4190208.5,0.0,5906632.0
18,5309889.8100000005,0.0,5178911.3100000005,0.0,7217697.645
19,4544733.0,0.0,4702240.5,0.0,6820574.0
17,2296331.0,0.0,4417702.5,0.0,6162778.5
16,1908433.0,0.0,4014576.0,0.0,5917928.5
14,2870611.0,0.0,4524168.5,0.0,6443000.0
15,2626834.0,0.0,4331942.5,0.0,6431371.5
