Year,ProfitLoss,GrossResult,GrossProfitLoss,Revenue,Assets
16,63025.551999999996,0.0,0.0,0.0,575734.4685
14,-98679.01000000001,0.0,0.0,0.0,765746.7755
18,-67912.5,0.0,0.0,0.0,1100715.5
17,149745.0,0.0,0.0,0.0,1161848.5
15,78649.43400000001,0.0,0.0,0.0,968713.2655
