Year,ProfitLoss,GrossResult,GrossProfitLoss,Revenue,Assets
17,-16486522.510000002,-15797.755,0.0,0.0,45123023.0
13,24248260.0,-11753.5,0.0,0.0,33752552.0
14,24685782.645000003,-11323.355,0.0,0.0,47139617.0
16,964136.5300000003,-13010.235,0.0,0.0,54154463.5
18,-13410250.0,-15466.0,0.0,0.0,38024670.5
15,12052910.02,-10939.1,0.0,0.0,55550441.0
19,-30682686.0,-14252.5,0.0,0.0,22310479.5
12,11329931.5,-8610.0,0.0,0.0,21830984.0
