Year,ProfitLoss,GrossResult,GrossProfitLoss,Revenue,Assets
15,851061.0,0.0,-6942.0,0.0,7155545.5
18,2759235.5,0.0,0.0,0.0,10045542.0
16,1006525.0,0.0,-6957.0,0.0,8654787.0
19,4540963.5,0.0,-5812.0,0.0,11179841.5
13,12704.539999999968,0.0,0.0,0.0,4632436.265000001
14,885841.0,0.0,-4263.0,0.0,5583795.5
17,2505062.5,0.0,-5403.5,0.0,9356607.5
