Year,ProfitLoss,GrossResult,GrossProfitLoss,Revenue,Assets
17,-16094.5,548357.0,0.0,696722.0,226559.5
14,-64125.0,434820.5,0.0,881854.5,214857.5
12,-24856.0,518507.5,0.0,902371.9998999999,272566.5
13,4576.0,550120.5,0.0,1034188.9998999999,256486.0
17,48541.0,463705.0,0.0,823200.0,284269.0
15,-20210.0,417037.5,0.0,841756.5,219853.0
18,35130.0,740617.0,0.0,749032.0,183732.0
