Year,ProfitLoss,GrossResult,GrossProfitLoss,Revenue,Assets
14,1694268.5,7053298.0,0.0,15533546.0,5608269.0
15,1859247.9,7380674.505,0.0,17065097.5,6383542.0
19,2753115.0,9384068.5,0.0,0.0,12918851.5
17,1723938.9249999998,6546769.9,0.0,0.0,7849089.0
16,897677.9000000001,6196129.7,0.0,17913247.0,7153494.0
18,2569185.0,7643847.5,0.0,0.0,10274842.5
13,767528.5,5803507.5,0.0,13410709.5,4939099.5
