Year,ProfitLoss,GrossResult,GrossProfitLoss,Revenue,Assets
13,1456248.99995,2419349.5,0.0,0.0,2233652.0
19,-336349.5,0.0,508026.5,0.0,4976.5
17,1528902.0,3154427.0,0.0,0.0,2970995.5
18,290762.0,0.0,1709765.5,0.0,1879007.5
14,2182411.99995,3369616.5,0.0,0.0,2596618.0
15,1892451.0,3743256.0,0.0,0.0,2832907.5
