Year,ProfitLoss,GrossResult,GrossProfitLoss,Revenue,Assets
13,977555.270788,0.0,66749.06675,0.0,0.0
18,1808946.0,0.0,132472.0,0.0,4973371.0
14,2046611.5,0.0,44317.0,0.0,1841911.0
15,1905880.0,0.0,-13005.0,0.0,2410052.0
19,2461141.5,0.0,207960.5,0.0,5634196.5
16,1361956.5,0.0,13537.5,0.0,2699593.5
