Year,ProfitLoss,GrossResult,GrossProfitLoss,Revenue,Assets
18,-21414.0,11472.0,0.0,0.0,96280.5
16,-64519.270000000004,-3525.1349999999993,0.0,10125.0,138862.5
14,-23428.75,22056.75,0.0,30943.0,175829.0
18,-37414.0,5156.5,0.0,0.0,107303.0
13,-4824.0,17785.0,0.0,25885.0,95942.0
15,-77363.05,-7622.4,0.0,6370.5,153647.5
17,-36587.64,8378.18,0.0,42062.5,120884.0
