Year,ProfitLoss,GrossResult,GrossProfitLoss,Revenue,Assets
13,3458608.5050055003,0.0,43555493.0000055,0.0,637577883.5050005
14,3844422.5,0.0,45765469.5,0.0,644252702.5
17,-7341722.0,34421548.0,0.0,64763854.0,707135129.5
16,-284684.5,0.0,43494729.5,0.0,726072624.0
