Year,ProfitLoss,GrossResult,GrossProfitLoss,Revenue,Assets
18,213648.0,1733976.0,0.0,0.0,1486756.0
19,291100.0,2051274.0,0.0,0.0,1402589.5
15,6757.740000000002,1391383.8900000001,0.0,3588415.5,1009062.0
13,27691.5,1101840.5,0.0,3499200.0,664030.5
17,31561.41,1252018.205,0.0,0.0,1141940.0
16,-2580.4199999999987,1131194.29,0.0,2743632.0,1009737.5
