Year,ProfitLoss,GrossResult,GrossProfitLoss,Revenue,Assets
15,147185.135,312055.11,0.0,228817.0,1243222.5
18,-321577.0,-15308.0,0.0,0.0,1029626.0
16,-201380.02,89943.48999999999,0.0,340432.5,1319470.5
13,33736.5,0.0,33445.5,0.0,250711.0
19,-90142.0,-21630.5,0.0,0.0,1303885.5
14,167897.08500000002,166213.585,0.0,91162.0,500983.5
