Year,ProfitLoss,GrossResult,GrossProfitLoss,Revenue,Assets
17,84746.0,0.0,908324.0,0.0,365848.5
14,-1017997.0,0.0,1658971.0,0.0,1905932.0
18,739817.0,0.0,701346.0,0.0,652878.5
13,-55656.0,0.0,1902481.0,0.0,2189092.0
16,-951533.0,0.0,1496534.5,0.0,764801.5
12,-258074.30285561,0.0,2198574.8024999998,0.0,2249595.4926856803
15,-1854674.0,0.0,1565942.0,0.0,1416482.0
