Year,ProfitLoss,GrossResult,GrossProfitLoss,Revenue,Assets
16,61739.39000000001,113283.695,0.0,0.0,14439164.5
19,233996.0,206311.0,0.0,0.0,21522298.5
15,596074.4000000001,228059.715,0.0,0.0,14423204.0
18,307127.0,201344.0,0.0,0.0,17982476.5
14,917124.53,346892.53,0.0,2837.5,14541669.5
