Year,ProfitLoss,GrossResult,GrossProfitLoss,Revenue,Assets
18,776027.0,0.0,0.0,0.0,1120586.0
15,462253.53,28643.475,0.0,0.0,416175.2695
17,382185.5,0.0,-5838.0,0.0,900659.0
16,-5456.6919999999955,-880.9715,0.0,0.0,391794.416
19,432146.5,0.0,0.0,0.0,1251920.0
13,0.0,0.0,0.0,0.0,0.0
14,45037.611999999994,-24791.419,0.0,0.0,270126.812
