Year,ProfitLoss,GrossResult,GrossProfitLoss,Revenue,Assets
15,546173.0,-5558.0,0.0,0.0,900262.0
14,148562.0,-4841.5,0.0,0.0,646400.5
18,-188084.0,0.0,-8691.5,0.0,937114.0
13,-6785.819999999989,-4184.375,0.0,0.0,299432.5
19,-56188.0,0.0,-9696.5,0.0,761996.0
17,-182730.5,-7319.5,0.0,0.0,1082058.0
13,-8784.760000000002,-5681.25,0.0,0.0,150182.5
16,310059.5,-5976.0,0.0,0.0,1027299.0
