Year,ProfitLoss,GrossResult,GrossProfitLoss,Revenue,Assets
15,332385.4049999999,3023652.2249999996,0.0,12057182.5,3780804.5
18,598803.0,0.0,3522473.0,0.0,4027857.0
19,-2022446.5,0.0,1598491.5,0.0,2306370.0
14,779030.5,2155643.0,0.0,8759543.0,2696304.0
16,-666.0,0.0,3574031.0,0.0,4789453.0
13,213574.0,673967.5,0.0,3079755.5,1055663.5
17,631123.0,0.0,4036441.5,0.0,4608102.5
