Year,ProfitLoss,GrossResult,GrossProfitLoss,Revenue,Assets
16,98421.04,340989.02,0.0,474932.5,406603.5
19,-295683.0,119813.0,0.0,0.0,303911.5
14,-83664.5,211107.0,0.0,247331.5,298475.0
18,-53641.0,117625.0,0.0,0.0,354636.5
15,-89748.76000000001,272982.12,0.0,371055.5,322819.0
17,81081.33,206193.66499999998,0.0,0.0,390962.0
