Year,ProfitLoss,GrossResult,GrossProfitLoss,Revenue,Assets
15,-197325.96999999997,44554.765,0.0,534632.0,364937.0
14,0.0,0.0,0.0,0.0,0.0
16,-14808.029999999999,118104.485,0.0,582322.0,425347.5
16,-14808.029999999999,118104.485,0.0,582322.0,425347.5
