Year,ProfitLoss,GrossResult,GrossProfitLoss,Revenue,Assets
17,1173745.0,0.0,729874.5,0.0,4377376.0
19,474860.0,0.0,420429.0,0.0,5357635.5
18,994073.5,0.0,708877.5,0.0,5325640.0
15,-148507.68999999997,-8994.845000000001,0.0,1295801.5,2947485.0
16,345460.06,346902.02999999997,0.0,3065325.5,3322467.0
14,-208805.52,-96096.76,0.0,0.0,1370272.5
