Year,ProfitLoss,GrossResult,GrossProfitLoss,Revenue,Assets
17,-13840.0,0.0,4307.620000000001,0.0,344633.5
16,-14485.0,0.0,-187000.0,0.0,550000.0
19,-8316.0,0.0,25377.0,0.0,635696.0
18,13.0,0.0,28241.620000000003,0.0,643218.0
