Year,ProfitLoss,GrossResult,GrossProfitLoss,Revenue,Assets
14,200436.0,3137263.5,0.0,0.0,13410329.5
12,121085.02999999862,2831814.4299999997,0.0,0.0,0.0
16,426020.0,2337854.5,0.0,0.0,13339645.0
17,849644.0,2765177.5,0.0,0.0,12088066.0
13,457676.0,3029868.0,0.0,0.0,13392385.5
15,130235.0,3222563.5,0.0,0.0,13221306.0
18,2922531.0,1840394.5,0.0,0.0,8240953.0
